{
  "algorithm": "Q2GA",
  "best_fitness": 3466.474790422217,
  "routes": {
    "0": [
      4,
      1
    ],
    "1": [
      17,
      21
    ],
    "2": [
      23,
      2,
      7,
      5,
      13
    ],
    "3": [
      15
    ],
    "4": [
      6,
      18,
      19,
      3
    ],
    "5": [
      10
    ],
    "6": [
      9,
      14
    ],
    "7": [
      22,
      24,
      20,
      0,
      11,
      12
    ],
    "8": [
      8,
      16
    ]
  },
  "objective_components": {
    "C1": 85.15486002462248,
    "C2": 173.03488392821433,
    "C3": 241.0752878597557,
    "penalty1": 0.0,
    "penalty2": 323.77183765949053,
    "infeasibility": 3000.0,
    "fitness": 3466.474790422217,
    "n_unserved": 0
  }
}