{
  "algorithm": "Q2GA",
  "best_fitness": 3187.3181514803628,
  "routes": {
    "0": [
      15
    ],
    "1": [
      17,
      9
    ],
    "2": [
      6,
      7,
      23,
      13,
      18
    ],
    "3": [
      21,
      16
    ],
    "4": [
      19,
      20,
      0,
      2
    ],
    "5": [
      10,
      1
    ],
    "6": [
      4
    ],
    "7": [
      11,
      12,
      24,
      22,
      5,
      3
    ],
    "8": [
      8,
      14
    ]
  },
  "objective_components": {
    "C1": 94.59006213036054,
    "C2": 121.87188752695644,
    "C3": 168.98276328299062,
    "penalty1": 14.41663523294519,
    "penalty2": 55.248366267552356,
    "infeasibility": 3000.0,
    "fitness": 3187.3181514803628,
    "n_unserved": 0
  }
}