{
  "algorithm": "Q2GA",
  "scenario": "baseline",
  "best_fitness": 3176.9438560626154,
  "routes": {
    "0": [
      8,
      10
    ],
    "1": [
      15,
      16
    ],
    "2": [
      5,
      3,
      11,
      0,
      22,
      13,
      7
    ],
    "3": [
      14
    ],
    "4": [
      12,
      23,
      2,
      18,
      20
    ],
    "5": [
      4
    ],
    "6": [
      17,
      21
    ],
    "7": [
      24,
      19,
      6
    ],
    "8": [
      9,
      1
    ]
  },
  "objective_components": {
    "C1": 72.79091142930514,
    "C2": 119.05810370695406,
    "C3": 274.42524658146607,
    "penalty1": 0.0,
    "penalty2": 49.94591991958329,
    "infeasibility": 3000.0,
    "fitness": 3176.9438560626154,
    "n_unserved": 0
  }
}