{
  "algorithm": "Q2GA",
  "scenario": "wildfire",
  "best_fitness": 3203.3729470866238,
  "routes": {
    "0": [
      8,
      14
    ],
    "1": [
      15,
      16
    ],
    "2": [
      18,
      19,
      22,
      11,
      23,
      5
    ],
    "3": [
      1
    ],
    "4": [
      0,
      7,
      6,
      3
    ],
    "5": [
      10,
      9
    ],
    "6": [
      17,
      21
    ],
    "7": [
      12,
      2,
      13,
      24,
      20
    ],
    "8": [
      4
    ]
  },
  "objective_components": {
    "C1": 99.20969955018691,
    "C2": 120.09905558809834,
    "C3": 255.1568628168919,
    "penalty1": 0.0,
    "penalty2": 66.70700807172219,
    "infeasibility": 3000.0,
    "fitness": 3203.3729470866238,
    "n_unserved": 0
  }
}